{
  "oof_mae_mean": 0.00905762892216444,
  "oof_mae_std": 0.03856855630874634,
  "threshold_95p": 0.048163514584302895,
  "oof_anomaly_rate": 0.0504334121355398
}